{
  "$schema": "https://developer.microsoft.com/json-schemas/fabric/item/report/definition/visualContainer/2.5.0/schema.json",
  "name": "3d64a288b48c1ee4aea9",
  "position": {
    "x": 0,
    "y": 483.02048610529494,
    "z": 1000,
    "height": 237.39359118243189,
    "width": 692.96973148628956,
    "tabOrder": 1000
  },
  "visual": {
    "visualType": "tableEx",
    "query": {
      "queryState": {
        "Values": {
          "projections": [
            {
              "field": {
                "Column": {
                  "Expression": {
                    "SourceRef": {
                      "Entity": "customer_features"
                    }
                  },
                  "Property": "customer_id"
                }
              },
              "queryRef": "customer_features.customer_id",
              "nativeQueryRef": "customer_id"
            },
            {
              "field": {
                "Column": {
                  "Expression": {
                    "SourceRef": {
                      "Entity": "customer_features"
                    }
                  },
                  "Property": "cluster_label"
                }
              },
              "queryRef": "customer_features.cluster_label",
              "nativeQueryRef": "cluster_label"
            },
            {
              "field": {
                "Aggregation": {
                  "Expression": {
                    "Column": {
                      "Expression": {
                        "SourceRef": {
                          "Entity": "customer_features"
                        }
                      },
                      "Property": "net_revenue"
                    }
                  },
                  "Function": 0
                }
              },
              "queryRef": "Sum(customer_features.net_revenue)",
              "nativeQueryRef": "Sum of net_revenue1"
            },
            {
              "field": {
                "Aggregation": {
                  "Expression": {
                    "Column": {
                      "Expression": {
                        "SourceRef": {
                          "Entity": "customer_features"
                        }
                      },
                      "Property": "at_risk"
                    }
                  },
                  "Function": 4
                }
              },
              "queryRef": "Sum(customer_features.at_risk)",
              "nativeQueryRef": "Max of at_risk"
            },
            {
              "field": {
                "Aggregation": {
                  "Expression": {
                    "Column": {
                      "Expression": {
                        "SourceRef": {
                          "Entity": "customer_features"
                        }
                      },
                      "Property": "recency_days"
                    }
                  },
                  "Function": 4
                }
              },
              "queryRef": "Sum(customer_features.recency_days)",
              "nativeQueryRef": "Max of recency_days"
            }
          ]
        }
      },
      "sortDefinition": {
        "sort": [
          {
            "field": {
              "Aggregation": {
                "Expression": {
                  "Column": {
                    "Expression": {
                      "SourceRef": {
                        "Entity": "customer_features"
                      }
                    },
                    "Property": "at_risk"
                  }
                },
                "Function": 4
              }
            },
            "direction": "Descending"
          }
        ]
      }
    },
    "objects": {
      "columnHeaders": [
        {
          "properties": {
            "bold": {
              "expr": {
                "Literal": {
                  "Value": "true"
                }
              }
            },
            "alignment": {
              "expr": {
                "Literal": {
                  "Value": "'Center'"
                }
              }
            },
            "wordWrap": {
              "expr": {
                "Literal": {
                  "Value": "false"
                }
              }
            },
            "fontSize": {
              "expr": {
                "Literal": {
                  "Value": "12D"
                }
              }
            }
          }
        }
      ],
      "values": [
        {
          "properties": {
            "fontSize": {
              "expr": {
                "Literal": {
                  "Value": "11D"
                }
              }
            }
          }
        }
      ],
      "total": [
        {
          "properties": {
            "bold": {
              "expr": {
                "Literal": {
                  "Value": "false"
                }
              }
            },
            "backColor": {
              "solid": {
                "color": {
                  "expr": {
                    "ThemeDataColor": {
                      "ColorId": 0,
                      "Percent": -0.3
                    }
                  }
                }
              }
            }
          }
        }
      ]
    },
    "visualContainerObjects": {
      "title": [
        {
          "properties": {
            "show": {
              "expr": {
                "Literal": {
                  "Value": "true"
                }
              }
            }
          }
        }
      ]
    },
    "drillFilterOtherVisuals": true
  }
}