{
  "$schema": "https://developer.microsoft.com/json-schemas/fabric/item/report/definition/visualContainer/2.5.0/schema.json",
  "name": "88f76aaa9d51248abaa2",
  "position": {
    "x": 0,
    "y": 71.355299083736753,
    "z": 10000,
    "height": 67.238647213521162,
    "width": 1280.2787316370459,
    "tabOrder": 10000
  },
  "visual": {
    "visualType": "textbox",
    "objects": {
      "general": [
        {
          "properties": {
            "paragraphs": [
              {
                "textRuns": [
                  {
                    "value": "Insight:",
                    "textStyle": {
                      "fontWeight": "bold",
                      "fontSize": "14pt"
                    }
                  },
                  {
                    "value": " Discount-Driven customers form the largest segment and show elevated churn risk (~54%), while High-Value Active customers generate the most revenue with lower risk.",
                    "textStyle": {
                      "fontSize": "14pt"
                    }
                  }
                ]
              }
            ]
          }
        }
      ]
    },
    "drillFilterOtherVisuals": true
  }
}