{
  "$schema": "https://developer.microsoft.com/json-schemas/fabric/item/report/definition/visualContainer/2.5.0/schema.json",
  "name": "9a9cd9907ace8f5006a9",
  "position": {
    "x": 0,
    "y": 83.7052546943835,
    "z": 2000,
    "height": 61.749778053233726,
    "width": 1251.4621685455368,
    "tabOrder": 2000
  },
  "visual": {
    "visualType": "textbox",
    "objects": {
      "general": [
        {
          "properties": {
            "paragraphs": [
              {
                "textRuns": [
                  {
                    "value": "Insight:",
                    "textStyle": {
                      "fontWeight": "bold",
                      "fontSize": "12pt"
                    }
                  },
                  {
                    "value": " High-Value Active customers generate the majority of revenue with low churn risk, while Discount-Driven customers represent meaningful revenue with elevated churn risk. At-Risk/Dormant customers contribute minimal revenue and offer limited ROI for retention spend.",
                    "textStyle": {
                      "fontSize": "12pt"
                    }
                  }
                ]
              }
            ]
          }
        }
      ]
    },
    "drillFilterOtherVisuals": true
  }
}