{
  "$schema": "https://developer.microsoft.com/json-schemas/fabric/item/report/definition/visualContainer/2.5.0/schema.json",
  "name": "5e859fc9dc6c8dd0cf2e",
  "position": {
    "x": 568.09795808975025,
    "y": 251.11576408315048,
    "z": 5000,
    "height": 67.238647213521162,
    "width": 429.50401179249235,
    "tabOrder": 5000
  },
  "visual": {
    "visualType": "textbox",
    "objects": {
      "general": [
        {
          "properties": {
            "paragraphs": [
              {
                "textRuns": [
                  {
                    "value": "Purpose:",
                    "textStyle": {
                      "fontWeight": "bold",
                      "fontSize": "12pt"
                    }
                  },
                  {
                    "value": " Visualizes the trade-off between churn risk and revenue contribution across customer segments.",
                    "textStyle": {
                      "fontSize": "12pt"
                    }
                  }
                ]
              }
            ]
          }
        }
      ]
    },
    "drillFilterOtherVisuals": true
  }
}