{
  "$schema": "https://developer.microsoft.com/json-schemas/fabric/item/report/definition/visualContainer/2.5.0/schema.json",
  "name": "25fb0749f67144c651c9",
  "position": {
    "x": 315.60997671652791,
    "y": 0,
    "z": 4000,
    "height": 94.682993014958384,
    "width": 753.34729224945147,
    "tabOrder": 4000
  },
  "visual": {
    "visualType": "textbox",
    "objects": {
      "general": [
        {
          "properties": {
            "paragraphs": [
              {
                "textRuns": [
                  {
                    "value": "Risk & Revenue Prioritization",
                    "textStyle": {
                      "fontWeight": "bold",
                      "fontSize": "36pt"
                    }
                  }
                ]
              }
            ]
          }
        }
      ]
    },
    "drillFilterOtherVisuals": true
  }
}