{
  "$schema": "https://developer.microsoft.com/json-schemas/fabric/item/report/definition/visualContainer/2.5.0/schema.json",
  "name": "3c0c0e431f17f03b342a",
  "position": {
    "x": 1048.3740096149015,
    "y": 10.977738320574884,
    "z": 6001,
    "height": 31.560997671652792,
    "width": 205.83259351077908,
    "tabOrder": 6001
  },
  "visual": {
    "visualType": "textbox",
    "objects": {
      "general": [
        {
          "properties": {
            "paragraphs": [
              {
                "textRuns": [
                  {
                    "value": "By Spandana Damannagari",
                    "textStyle": {
                      "fontWeight": "bold"
                    }
                  }
                ]
              }
            ]
          }
        }
      ]
    },
    "drillFilterOtherVisuals": true
  }
}