{
  "$schema": "https://developer.microsoft.com/json-schemas/fabric/item/report/definition/visualContainer/2.5.0/schema.json",
  "name": "6f79feb615c526d1438a",
  "position": {
    "x": 0,
    "y": 504.97596274644468,
    "z": 5000,
    "height": 32.933214961724651,
    "width": 1266.5565587363274,
    "tabOrder": 5000
  },
  "visual": {
    "visualType": "textbox",
    "objects": {
      "general": [
        {
          "properties": {
            "paragraphs": [
              {
                "textRuns": [
                  {
                    "value": "Total Orders by Customer Segment - ",
                    "textStyle": {
                      "fontWeight": "bold",
                      "fontSize": "12pt"
                    }
                  },
                  {
                    "value": "Order volume is concentrated in High-Value Active and Discount-Driven segments, reinforcing their outsized impact on platform usage.",
                    "textStyle": {
                      "fontSize": "12pt"
                    }
                  }
                ]
              }
            ]
          }
        }
      ]
    },
    "drillFilterOtherVisuals": true
  }
}