{
  "$schema": "https://developer.microsoft.com/json-schemas/fabric/item/report/definition/visualContainer/2.5.0/schema.json",
  "name": "f6302bb2c50e3426f4da",
  "position": {
    "x": 876.846848355919,
    "y": 138.59394629725793,
    "z": 5000,
    "height": 120.75512152632373,
    "width": 189.36598602991677,
    "tabOrder": 5000
  },
  "visual": {
    "visualType": "cardVisual",
    "query": {
      "queryState": {
        "Data": {
          "projections": [
            {
              "field": {
                "Measure": {
                  "Expression": {
                    "SourceRef": {
                      "Entity": "customer_features"
                    }
                  },
                  "Property": "Active Rate (30d)"
                }
              },
              "queryRef": "customer_features.Active Rate (30d)",
              "nativeQueryRef": "Active Rate (30d)"
            }
          ]
        }
      },
      "sortDefinition": {
        "sort": [
          {
            "field": {
              "Measure": {
                "Expression": {
                  "SourceRef": {
                    "Entity": "customer_features"
                  }
                },
                "Property": "Active Rate (30d)"
              }
            },
            "direction": "Descending"
          }
        ],
        "isDefaultSort": true
      }
    },
    "objects": {
      "fillCustom": [
        {
          "properties": {
            "fillColor": {
              "solid": {
                "color": {
                  "expr": {
                    "ThemeDataColor": {
                      "ColorId": 4,
                      "Percent": 0.6
                    }
                  }
                }
              }
            }
          },
          "selector": {
            "id": "default"
          }
        }
      ]
    },
    "drillFilterOtherVisuals": true
  }
}