{
  "$schema": "https://developer.microsoft.com/json-schemas/fabric/item/report/definition/visualContainer/2.5.0/schema.json",
  "name": "0a0455764adbe195289f",
  "position": {
    "x": 0,
    "y": 94.682993014958384,
    "z": 3000,
    "height": 37.049866831940236,
    "width": 1254.2066031256807,
    "tabOrder": 3000
  },
  "visual": {
    "visualType": "textbox",
    "objects": {
      "general": [
        {
          "properties": {
            "paragraphs": [
              {
                "textRuns": [
                  {
                    "value": "Monthly Activity Matrix",
                    "textStyle": {
                      "fontWeight": "bold",
                      "fontSize": "12pt"
                    }
                  },
                  {
                    "value": " - Monthly activity patterns are consistent across years, confirming stable engagement trends rather than isolated spikes.",
                    "textStyle": {
                      "fontSize": "12pt"
                    }
                  }
                ]
              }
            ]
          }
        }
      ]
    },
    "drillFilterOtherVisuals": true
  }
}