{
  "$schema": "https://developer.microsoft.com/json-schemas/fabric/item/report/definition/visualContainer/2.5.0/schema.json",
  "name": "fc46e6da892174f6984f",
  "position": {
    "x": 0,
    "y": 145,
    "z": 0,
    "height": 280,
    "width": 567.5,
    "tabOrder": 0
  },
  "visual": {
    "visualType": "scatterChart",
    "query": {
      "queryState": {
        "Series": {
          "projections": [
            {
              "field": {
                "Column": {
                  "Expression": {
                    "SourceRef": {
                      "Entity": "customer_features"
                    }
                  },
                  "Property": "cluster_label"
                }
              },
              "queryRef": "customer_features.cluster_label",
              "nativeQueryRef": "cluster_label"
            }
          ]
        },
        "Size": {
          "projections": [
            {
              "field": {
                "Measure": {
                  "Expression": {
                    "SourceRef": {
                      "Entity": "customer_features"
                    }
                  },
                  "Property": "Total Customers"
                }
              },
              "queryRef": "customer_features.Total Customers",
              "nativeQueryRef": "Total Customers"
            }
          ]
        },
        "X": {
          "projections": [
            {
              "field": {
                "Measure": {
                  "Expression": {
                    "SourceRef": {
                      "Entity": "customer_features"
                    }
                  },
                  "Property": "At Risk Rate"
                }
              },
              "queryRef": "customer_features.At Risk Rate",
              "nativeQueryRef": "At Risk Rate",
              "active": true
            }
          ]
        },
        "Y": {
          "projections": [
            {
              "field": {
                "Measure": {
                  "Expression": {
                    "SourceRef": {
                      "Entity": "customer_features"
                    }
                  },
                  "Property": "Total Net Revenue"
                }
              },
              "queryRef": "customer_features.Total Net Revenue",
              "nativeQueryRef": "Total Net Revenue"
            }
          ]
        }
      }
    },
    "objects": {
      "categoryAxis": [
        {
          "properties": {
            "titleText": {
              "expr": {
                "Literal": {
                  "Value": "'Churn Risk (At-Risk Rate)'"
                }
              }
            },
            "showAxisTitle": {
              "expr": {
                "Literal": {
                  "Value": "true"
                }
              }
            }
          }
        }
      ],
      "valueAxis": [
        {
          "properties": {
            "titleText": {
              "expr": {
                "Literal": {
                  "Value": "'Total Net Revenue'"
                }
              }
            }
          }
        }
      ],
      "categoryLabels": [
        {
          "properties": {
            "show": {
              "expr": {
                "Literal": {
                  "Value": "true"
                }
              }
            }
          }
        }
      ]
    },
    "visualContainerObjects": {
      "title": [
        {
          "properties": {
            "text": {
              "expr": {
                "Literal": {
                  "Value": "'Revenue vs Churn Risk by Customer Segment'"
                }
              }
            }
          }
        }
      ]
    },
    "drillFilterOtherVisuals": true
  }
}