{
  "$schema": "https://developer.microsoft.com/json-schemas/fabric/item/report/definition/visualContainer/2.5.0/schema.json",
  "name": "f7ee07e6d780ab3d7c71",
  "position": {
    "x": 0,
    "y": 425.3873599222768,
    "z": 3000,
    "height": 57.633126183018142,
    "width": 1280.2787316370459,
    "tabOrder": 3000
  },
  "visual": {
    "visualType": "textbox",
    "objects": {
      "general": [
        {
          "properties": {
            "paragraphs": [
              {
                "textRuns": [
                  {
                    "value": "Action Insight:",
                    "textStyle": {
                      "fontWeight": "bold",
                      "fontSize": "12pt"
                    }
                  },
                  {
                    "value": " Retention efforts should prioritize Discount-Driven customers to protect revenue, while maintaining engagement with High-Value Active customers and deprioritizing At-Risk/Dormant users.",
                    "textStyle": {
                      "fontSize": "12pt"
                    }
                  }
                ]
              }
            ]
          }
        }
      ]
    },
    "drillFilterOtherVisuals": true
  }
}