{
  "$schema": "https://developer.microsoft.com/json-schemas/fabric/item/report/definition/visualContainer/2.5.0/schema.json",
  "name": "e538dd7023f4a7c43d9c",
  "position": {
    "x": 249.74354679307862,
    "y": 259.34906782358166,
    "z": 8000,
    "height": 141.33838087740165,
    "width": 816.469287592757,
    "tabOrder": 8000
  },
  "visual": {
    "visualType": "tableEx",
    "query": {
      "queryState": {
        "Values": {
          "projections": [
            {
              "field": {
                "Column": {
                  "Expression": {
                    "SourceRef": {
                      "Entity": "customer_features"
                    }
                  },
                  "Property": "cluster_label"
                }
              },
              "queryRef": "customer_features.cluster_label",
              "nativeQueryRef": "cluster_label"
            },
            {
              "field": {
                "Measure": {
                  "Expression": {
                    "SourceRef": {
                      "Entity": "customer_features"
                    }
                  },
                  "Property": "Total Customers (Segment)"
                }
              },
              "queryRef": "customer_features.Total Customers (Segment)",
              "nativeQueryRef": "Total Customers (Segment)"
            },
            {
              "field": {
                "Measure": {
                  "Expression": {
                    "SourceRef": {
                      "Entity": "customer_features"
                    }
                  },
                  "Property": "At Risk Customers (Segment)"
                }
              },
              "queryRef": "customer_features.At Risk Customers (Segment)",
              "nativeQueryRef": "At Risk Customers (Segment)"
            },
            {
              "field": {
                "Measure": {
                  "Expression": {
                    "SourceRef": {
                      "Entity": "customer_features"
                    }
                  },
                  "Property": "At Risk Rate (Correct)"
                }
              },
              "queryRef": "customer_features.At Risk Rate (Correct)",
              "nativeQueryRef": "At Risk Rate ",
              "displayName": "At Risk Rate ",
              "format": "0.00%;-0.00%;0.00%"
            }
          ]
        }
      },
      "sortDefinition": {
        "sort": [
          {
            "field": {
              "Measure": {
                "Expression": {
                  "SourceRef": {
                    "Entity": "customer_features"
                  }
                },
                "Property": "At Risk Customers (Segment)"
              }
            },
            "direction": "Ascending"
          }
        ]
      }
    },
    "objects": {
      "values": [
        {
          "properties": {
            "backColor": {
              "solid": {
                "color": {
                  "expr": {
                    "Conditional": {
                      "Cases": [
                        {
                          "Condition": {
                            "Comparison": {
                              "ComparisonKind": 0,
                              "Left": {
                                "Aggregation": {
                                  "Expression": {
                                    "Column": {
                                      "Expression": {
                                        "SourceRef": {
                                          "Entity": "customer_features"
                                        }
                                      },
                                      "Property": "cluster_label"
                                    }
                                  },
                                  "Function": 3
                                }
                              },
                              "Right": {
                                "Literal": {
                                  "Value": "''"
                                }
                              }
                            },
                            "Annotations": {
                              "PowerBI.SQExprEvaluationKind": 1,
                              "PowerBI.SQExprTextOperatorOption": 2
                            }
                          },
                          "Value": {
                            "Literal": {
                              "Value": "'#f0e199'"
                            }
                          }
                        }
                      ]
                    }
                  }
                }
              }
            }
          },
          "selector": {
            "data": [
              {
                "dataViewWildcard": {
                  "matchingOption": 1
                }
              }
            ],
            "metadata": "customer_features.cluster_label"
          }
        },
        {
          "properties": {
            "fontSize": {
              "expr": {
                "Literal": {
                  "Value": "14D"
                }
              }
            }
          }
        }
      ],
      "total": [
        {
          "properties": {
            "totals": {
              "expr": {
                "Literal": {
                  "Value": "false"
                }
              }
            }
          }
        }
      ],
      "columnHeaders": [
        {
          "properties": {
            "fontSize": {
              "expr": {
                "Literal": {
                  "Value": "14D"
                }
              }
            },
            "bold": {
              "expr": {
                "Literal": {
                  "Value": "true"
                }
              }
            }
          }
        }
      ]
    },
    "drillFilterOtherVisuals": true
  },
  "filterConfig": {
    "filters": [
      {
        "name": "249202fb7433c8492eec",
        "field": {
          "Measure": {
            "Expression": {
              "SourceRef": {
                "Entity": "customer_features"
              }
            },
            "Property": "At Risk Rate"
          }
        },
        "type": "Advanced",
        "howCreated": "User"
      },
      {
        "name": "917c57211c6c4451fc38",
        "field": {
          "Measure": {
            "Expression": {
              "SourceRef": {
                "Entity": "customer_features"
              }
            },
            "Property": "At Risk Rate (by Segment)"
          }
        },
        "type": "Advanced",
        "howCreated": "User"
      },
      {
        "name": "8131944ee61f7cb284a7",
        "field": {
          "Arithmetic": {
            "Left": {
              "Measure": {
                "Expression": {
                  "SourceRef": {
                    "Entity": "customer_features"
                  }
                },
                "Property": "At Risk Rate (Correct)"
              }
            },
            "Right": {
              "ScopedEval": {
                "Expression": {
                  "Measure": {
                    "Expression": {
                      "SourceRef": {
                        "Entity": "customer_features"
                      }
                    },
                    "Property": "At Risk Rate (Correct)"
                  }
                },
                "Scope": []
              }
            },
            "Operator": 3
          }
        },
        "type": "Advanced",
        "howCreated": "User"
      }
    ]
  }
}