{
  "$schema": "https://developer.microsoft.com/json-schemas/fabric/item/report/definition/visualContainer/2.5.0/schema.json",
  "name": "e5758543dce04c7e21bd",
  "position": {
    "x": 1075.8183554163386,
    "y": 0,
    "z": 10001,
    "height": 27.444345801437212,
    "width": 204.46037622070722,
    "tabOrder": 10001
  },
  "visual": {
    "visualType": "textbox",
    "objects": {
      "general": [
        {
          "properties": {
            "paragraphs": [
              {
                "textRuns": [
                  {
                    "value": "By Spandana Damannagari",
                    "textStyle": {
                      "fontWeight": "bold"
                    }
                  }
                ]
              }
            ]
          }
        }
      ]
    },
    "drillFilterOtherVisuals": true
  }
}