{
  "$schema": "https://developer.microsoft.com/json-schemas/fabric/item/report/definition/visualContainer/2.5.0/schema.json",
  "name": "9667e5b20b62548d9bca",
  "position": {
    "x": 341.68210522789326,
    "y": 10.977738320574884,
    "z": 6000,
    "height": 83.7052546943835,
    "width": 558.49243705924721,
    "tabOrder": 6000
  },
  "visual": {
    "visualType": "textbox",
    "objects": {
      "general": [
        {
          "properties": {
            "paragraphs": [
              {
                "textRuns": [
                  {
                    "value": "Engagement & Activity",
                    "textStyle": {
                      "fontWeight": "bold",
                      "fontSize": "36pt"
                    }
                  }
                ]
              }
            ]
          }
        }
      ]
    },
    "drillFilterOtherVisuals": true
  }
}