{
  "$schema": "https://developer.microsoft.com/json-schemas/fabric/item/report/definition/visualContainer/2.5.0/schema.json",
  "name": "0d82a5955ee08719a71d",
  "position": {
    "x": 692.96973148628956,
    "y": 540.65361228831307,
    "z": 6000,
    "height": 97.4274275951021,
    "width": 485.76492068543865,
    "tabOrder": 6000
  },
  "visual": {
    "visualType": "textbox",
    "objects": {
      "general": [
        {
          "properties": {
            "paragraphs": [
              {
                "textRuns": [
                  {
                    "value": "Purpose:",
                    "textStyle": {
                      "fontWeight": "bold",
                      "fontSize": "12pt"
                    }
                  },
                  {
                    "value": " Identifies individual high-risk customers contributing disproportionate revenue and recency risk, enabling targeted retention and intervention strategies.",
                    "textStyle": {
                      "fontSize": "12pt"
                    }
                  }
                ]
              }
            ]
          }
        }
      ]
    },
    "drillFilterOtherVisuals": true
  }
}