{
  "$schema": "https://developer.microsoft.com/json-schemas/fabric/item/report/definition/visualContainer/2.5.0/schema.json",
  "name": "3128f462811e81d1d421",
  "position": {
    "x": 0,
    "y": 263.46571969379721,
    "z": 4000,
    "height": 34.305432251796518,
    "width": 1266.5565587363274,
    "tabOrder": 4000
  },
  "visual": {
    "visualType": "textbox",
    "objects": {
      "general": [
        {
          "properties": {
            "paragraphs": [
              {
                "textRuns": [
                  {
                    "value": "Active Customers (30d) Trend by Segment - ",
                    "textStyle": {
                      "fontWeight": "bold",
                      "fontSize": "12pt"
                    }
                  },
                  {
                    "value": "Engagement growth is driven by High-Value Active and Discount-Driven customers, while At-Risk users remain largely inactive.",
                    "textStyle": {
                      "fontSize": "12pt"
                    }
                  }
                ]
              }
            ]
          }
        }
      ]
    },
    "drillFilterOtherVisuals": true
  }
}