{
  "$schema": "https://developer.microsoft.com/json-schemas/fabric/item/report/definition/visualContainer/2.5.0/schema.json",
  "name": "6452c99406da4cb69139",
  "position": {
    "x": 1088.1683110269855,
    "y": 13.722172900718606,
    "z": 6001,
    "height": 34.305432251796518,
    "width": 181.13268228948559,
    "tabOrder": 6001
  },
  "visual": {
    "visualType": "textbox",
    "objects": {
      "general": [
        {
          "properties": {
            "paragraphs": [
              {
                "textRuns": [
                  {
                    "value": "By Spandana Damannagari",
                    "textStyle": {
                      "fontWeight": "bold"
                    }
                  }
                ]
              }
            ]
          }
        }
      ]
    },
    "drillFilterOtherVisuals": true
  }
}