{
  "$schema": "https://developer.microsoft.com/json-schemas/fabric/item/report/definition/visualContainer/2.5.0/schema.json",
  "name": "5dff2b07fa0af9949898",
  "position": {
    "x": 359.52092999882746,
    "y": 0,
    "z": 9000,
    "height": 53.516474312802565,
    "width": 612.00891137204985,
    "tabOrder": 9000
  },
  "visual": {
    "visualType": "textbox",
    "objects": {
      "general": [
        {
          "properties": {
            "paragraphs": [
              {
                "textRuns": [
                  {
                    "value": "EXECUTIVE OVERVIEW",
                    "textStyle": {
                      "fontWeight": "bold",
                      "fontFamily": "Times New Roman",
                      "fontSize": "36pt"
                    }
                  }
                ]
              }
            ]
          }
        }
      ]
    },
    "drillFilterOtherVisuals": true
  }
}