{
  "$schema": "https://developer.microsoft.com/json-schemas/fabric/item/report/definition/visualContainer/2.5.0/schema.json",
  "name": "df642521c47999947d62",
  "position": {
    "x": 12.349955610646745,
    "y": 131.73285984689861,
    "z": 0,
    "height": 131.73285984689861,
    "width": 1218.5289535838122,
    "tabOrder": 0
  },
  "visual": {
    "visualType": "pivotTable",
    "query": {
      "queryState": {
        "Columns": {
          "projections": [
            {
              "field": {
                "Column": {
                  "Expression": {
                    "SourceRef": {
                      "Entity": "cohort_retention_long"
                    }
                  },
                  "Property": "cohort_index"
                }
              },
              "queryRef": "cohort_retention_long.cohort_index",
              "nativeQueryRef": "cohort_index",
              "active": true
            }
          ]
        },
        "Rows": {
          "projections": [
            {
              "field": {
                "HierarchyLevel": {
                  "Expression": {
                    "Hierarchy": {
                      "Expression": {
                        "PropertyVariationSource": {
                          "Expression": {
                            "SourceRef": {
                              "Entity": "cohort_retention_long"
                            }
                          },
                          "Name": "Variation",
                          "Property": "cohort_month"
                        }
                      },
                      "Hierarchy": "Date Hierarchy"
                    }
                  },
                  "Level": "Year"
                }
              },
              "queryRef": "cohort_retention_long.cohort_month.Variation.Date Hierarchy.Year",
              "nativeQueryRef": "cohort_month Year",
              "active": true
            },
            {
              "field": {
                "HierarchyLevel": {
                  "Expression": {
                    "Hierarchy": {
                      "Expression": {
                        "PropertyVariationSource": {
                          "Expression": {
                            "SourceRef": {
                              "Entity": "cohort_retention_long"
                            }
                          },
                          "Name": "Variation",
                          "Property": "cohort_month"
                        }
                      },
                      "Hierarchy": "Date Hierarchy"
                    }
                  },
                  "Level": "Quarter"
                }
              },
              "queryRef": "cohort_retention_long.cohort_month.Variation.Date Hierarchy.Quarter",
              "nativeQueryRef": "cohort_month Quarter",
              "active": false
            },
            {
              "field": {
                "HierarchyLevel": {
                  "Expression": {
                    "Hierarchy": {
                      "Expression": {
                        "PropertyVariationSource": {
                          "Expression": {
                            "SourceRef": {
                              "Entity": "cohort_retention_long"
                            }
                          },
                          "Name": "Variation",
                          "Property": "cohort_month"
                        }
                      },
                      "Hierarchy": "Date Hierarchy"
                    }
                  },
                  "Level": "Month"
                }
              },
              "queryRef": "cohort_retention_long.cohort_month.Variation.Date Hierarchy.Month",
              "nativeQueryRef": "cohort_month Month",
              "active": false
            },
            {
              "field": {
                "HierarchyLevel": {
                  "Expression": {
                    "Hierarchy": {
                      "Expression": {
                        "PropertyVariationSource": {
                          "Expression": {
                            "SourceRef": {
                              "Entity": "cohort_retention_long"
                            }
                          },
                          "Name": "Variation",
                          "Property": "cohort_month"
                        }
                      },
                      "Hierarchy": "Date Hierarchy"
                    }
                  },
                  "Level": "Day"
                }
              },
              "queryRef": "cohort_retention_long.cohort_month.Variation.Date Hierarchy.Day",
              "nativeQueryRef": "cohort_month Day",
              "active": false
            }
          ]
        },
        "Values": {
          "projections": [
            {
              "field": {
                "Aggregation": {
                  "Expression": {
                    "Column": {
                      "Expression": {
                        "SourceRef": {
                          "Entity": "cohort_retention_long"
                        }
                      },
                      "Property": "retention_rate"
                    }
                  },
                  "Function": 0
                }
              },
              "queryRef": "Sum(cohort_retention_long.retention_rate)",
              "nativeQueryRef": "Sum of retention_rate"
            }
          ]
        }
      }
    },
    "objects": {
      "rowHeaders": [
        {
          "properties": {
            "fontSize": {
              "expr": {
                "Literal": {
                  "Value": "13D"
                }
              }
            }
          }
        }
      ],
      "columnHeaders": [
        {
          "properties": {
            "fontSize": {
              "expr": {
                "Literal": {
                  "Value": "15D"
                }
              }
            }
          }
        }
      ],
      "values": [
        {
          "properties": {
            "fontColorPrimary": {
              "solid": {
                "color": {
                  "expr": {
                    "ThemeDataColor": {
                      "ColorId": 1,
                      "Percent": 0
                    }
                  }
                }
              }
            }
          }
        }
      ]
    },
    "drillFilterOtherVisuals": true
  }
}